설치장소명,시도명,시군구명,소재지도로명주소,소재지지번주소,위도,경도,세부위치,휴지통종류,관리기관명,관리기관전화번호,데이터기준일자
독막로 242 노기홍 사무소 앞,서울특별시,마포구,서울특별시 마포구 독막로 242,,37.5465984,126.940279,독막로 242 노기홍 사무소 앞,일반쓰레기,서울특별시 마포구청,02-3153-9222,2024-11-28
독막로 241 노기홍 사무소 건너편,서울특별시,마포구,서울특별시 마포구 독막로 241,,37.54692349,126.9406001,독막로 241 노기홍 사무소 건너편,일반쓰레기,서울특별시 마포구청,02-3153-9222,2024-11-28
독막로 221(신수동50-2) 정자나무 공원 앞,서울특별시,마포구,서울특별시 마포구 독막로 221,,37.54754104,126.9384518,독막로 221(신수동50-2) 정자나무 공원 앞,일반쓰레기,서울특별시 마포구청,02-3153-9222,2024-11-28
독막로 192 신수동 주민센터 앞,서울특별시,마포구,서울특별시 마포구 독막로 192,,37.54715926,126.9351838,독막로 192 신수동 주민센터 앞,일반쓰레기,서울특별시 마포구청,02-3153-9222,2024-11-28
마포대로 61-1 트라팰리스 앞 횡단보도,서울특별시,마포구,서울특별시 마포구 마포대로 61-1,,37.54135699,126.9480097,마포대로 61-1 트라팰리스 앞 횡단보도,일반쓰레기,서울특별시 마포구청,02-3153-9222,2024-11-28
마포대로 33 마포역 1번 출구,서울특별시,마포구,서울특별시 마포구 마포대로 33,,37.53958379,126.9459204,마포대로 33 마포역 1번 출구,일반쓰레기,서울특별시 마포구청,02-3153-9222,2024-11-28
마포대로 버스정류장(14-001)(가든호텔 앞),서울특별시,마포구,,서울특별시 마포구 도화동 293-1,37.54118043,126.948038,마포대로 버스정류장(14-001)(가든호텔 앞),일반쓰레기,서울특별시 마포구청,02-3153-9222,2024-11-28
마포대로 20(마포역 4번 출구),서울특별시,마포구,서울특별시 마포구 마포대로 20,,37.53842521,126.9449856,마포대로 20(마포역 4번 출구),일반쓰레기,서울특별시 마포구청,02-3153-9222,2024-11-28
신촌로 174 중우빌딩 횡단보도 옆,서울특별시,마포구,서울특별시 마포구 신촌로 174,,37.5564851,126.9449971,신촌로 174 중우빌딩 횡단보도 옆,일반쓰레기,서울특별시 마포구청,02-3153-9222,2024-11-28
신촌로 110 웨스턴동물의료센터 신촌역 5번출구,서울특별시,마포구,서울특별시 마포구 신촌로 110,,37.5551608,126.9381296,신촌로 110 웨스턴동물의료센터 신촌역 5번출구,일반쓰레기,서울특별시 마포구청,02-3153-9222,2024-11-28
노고산동 112-5 서강대역 2번 출구 자전거대여소 앞,서울특별시,마포구,,서울특별시 마포구 노고산동 112-5,37.55322915,126.9343748,노고산동 112-5 서강대역 2번 출구 자전거대여소 앞,일반쓰레기,서울특별시 마포구청,02-3153-9222,2024-11-28
광흥창역 2번 출구 앞(창전동242),서울특별시,마포구,,서울특별시 마포구 창전동 242,37.54773473,126.9320618,광흥창역 2번 출구 앞(창전동242),일반쓰레기,서울특별시 마포구청,02-3153-9222,2024-11-28
대흥역 2번 출구 앞(삼성공인중개사 앞),서울특별시,마포구,서울특별시 마포구 백범로 95,,37.54791956,126.9423084,대흥역 2번 출구 앞(삼성공인중개사 앞),일반쓰레기,서울특별시 마포구청,02-3153-9222,2024-11-28
공덕역 2번 출구 롯데캐슬 택시정류장 앞(공덕동 257-88),서울특별시,마포구,,서울특별시 마포구 공덕동 257-88,37.54449186,126.9501497,공덕역 2번 출구 롯데캐슬 택시정류장 앞(공덕동 257-88),일반쓰레기,서울특별시 마포구청,02-3153-9222,2024-11-28
공덕역 6번 출구 뒤,서울특별시,마포구,서울특별시 마포구 백범로 199,,37.54350062,126.9528668,공덕역 6번 출구 뒤,일반쓰레기,서울특별시 마포구청,02-3153-9222,2024-11-28
공덕 오거리 버스정류장(14-149),서울특별시,마포구,서울특별시 마포구 백범로 205,,37.5441056,126.9541074,공덕 오거리 버스정류장(14-149),일반쓰레기,서울특별시 마포구청,02-3153-9222,2024-11-28
공덕역 5번 출구 옆 자전거보관소,서울특별시,마포구,서울특별시 마포구 만리재로 3,,37.5443275,126.9517897,공덕역 5번 출구 옆 자전거보관소,일반쓰레기,서울특별시 마포구청,02-3153-9222,2024-11-28
마포대로25 화로연각 앞 (토정로방향),서울특별시,마포구,서울특별시 마포구 마포대로 25,,37.53937876,126.9448336,마포대로25 화로연각 앞 (토정로방향),일반쓰레기,서울특별시 마포구청,02-3153-9222,2024-11-28
마포대로 버스정류장(14-008),서울특별시,마포구,,서울특별시 마포구 아현동 447-9,37.5508124,126.9552614,마포대로 버스정류장(14-008),일반쓰레기,서울특별시 마포구청,02-3153-9222,2024-11-28
마포대로 207-1 둘둘치킨 앞(애오개역 1번 출구),서울특별시,마포구,서울특별시 마포구 마포대로 204,,37.5520217800,126.9565339000,마포대로 207-1 둘둘치킨 앞(애오개역 1번 출구),일반쓰레기,서울특별시 마포구청,02-3153-9222,2024-11-28
애오개역 3번 출구 앞,서울특별시,마포구,서울특별시 마포구 마포대로 212,,37.55348233,126.957072,애오개역 3번 출구 앞,일반쓰레기,서울특별시 마포구청,02-3153-9222,2024-11-28
애오개역 4번 출구 앞,서울특별시,마포구,서울특별시 마포구 마포대로 212,,37.55348233,126.957072,애오개역 4번 출구 앞,일반쓰레기,서울특별시 마포구청,02-3153-9222,2024-11-28
마포대로 233-1 (아현초교 앞 횡단보도 앞),서울특별시,마포구,서울특별시 마포구 마포대로 233-1,,37.5548077,126.9571319,마포대로 233-1 (아현초교 앞 횡단보도 앞),일반쓰레기,서울특별시 마포구청,02-3153-9222,2024-11-28
마포대로 버스정류장(14-003)(공덕역),서울특별시,마포구,,서울특별시 마포구 공덕동 441-3,37.5436936,126.9508335,마포대로 버스정류장(14-003)(공덕역),일반쓰레기,서울특별시 마포구청,02-3153-9222,2024-11-28
마포대로 버스정류장(14-004)(공덕역),서울특별시,마포구,,서울특별시 마포구 공덕동 237-9,37.54615674,126.9526245,마포대로 버스정류장(14-004)(공덕역),일반쓰레기,서울특별시 마포구청,02-3153-9222,2024-11-28
마포대로 114번지 기업은행 앞(공덕역 4번출구 뒤),서울특별시,마포구,서울특별시 마포구 마포대로 114,,37.54480059,126.9520473,마포대로 114번지 기업은행 앞(공덕역 4번출구 뒤),일반쓰레기,서울특별시 마포구청,02-3153-9222,2024-11-28
마포대로 버스정류장(14-005),서울특별시,마포구,,서울특별시 마포구 공덕동 237-9,37.54615674,126.9526245,마포대로 버스정류장(14-005),일반쓰레기,서울특별시 마포구청,02-3153-9222,2024-11-28
마포대로 버스정류장(14-006),서울특별시,마포구,,서울특별시 마포구 공덕동 237-9,37.54615674,126.9526245,마포대로 버스정류장(14-006),일반쓰레기,서울특별시 마포구청,02-3153-9222,2024-11-28
마포대로 버스정류장(14-007),서울특별시,마포구,,서울특별시 마포구 아현동 447-15,37.55041674,126.955236,마포대로 버스정류장(14-007),일반쓰레기,서울특별시 마포구청,02-3153-9222,2024-11-28
공덕역 1번 출구 자전거 보관소 앞(공덕동435-12),서울특별시,마포구,,서울특별시 마포구 공덕동 435-12,37.54403999,126.9502846,공덕역 1번 출구 자전거 보관소 앞(공덕동435-12),일반쓰레기,서울특별시 마포구청,02-3153-9222,2024-11-28
백범로 122 풍천민물장어 앞,서울특별시,마포구,서울특별시 마포구 백범로 122,,37.546524,126.944415,백범로 122 풍천민물장어 앞,일반쓰레기,서울특별시 마포구청,02-3153-9222,2024-11-28
만리재로 83-1 앞 버스정류장(14-145),서울특별시,마포구,서울특별시 마포구 만리재로 83-1,,37.54817801,126.9587131,만리재로 83-1 앞 버스정류장(14-145),일반쓰레기,서울특별시 마포구청,02-3153-9222,2024-11-28
만리재로 88 앞 버스정류장(14-146),서울특별시,마포구,서울특별시 마포구 만리재로 88,,37.5481015,126.9591937,만리재로 88 앞 버스정류장(14-146),일반쓰레기,서울특별시 마포구청,02-3153-9222,2024-11-28
서강나루공원 횡단보도 앞,서울특별시,마포구,서울특별시 마포구 창전로 32,,37.54515427,126.9319133,서강나루공원 횡단보도 앞,일반쓰레기,서울특별시 마포구청,02-3153-9222,2024-11-28
창전로 60 광흥창역 3번 출구 앞,서울특별시,마포구,서울특별시 마포구 창전로 60,,37.54779701,126.9328946,창전로 60 광흥창역 3번 출구 앞,일반쓰레기,서울특별시 마포구청,02-3153-9222,2024-11-28
독막로 246(백억공인중개사 앞),서울특별시,마포구,서울특별시 마포구 독막로 246,,37.54638913,126.9408559,독막로 246(백억공인중개사 앞),일반쓰레기,서울특별시 마포구청,02-3153-9222,2024-11-28
"서강로 137, 버스정류장(14-990)",서울특별시,마포구,서울특별시 마포구 서강로 137,,37.55466827,126.9355938,"서강로 137, 버스정류장(14-990)",일반쓰레기,서울특별시 마포구청,02-3153-9222,2024-11-28
서강로 127-1 버스정류장(14-204),서울특별시,마포구,서울특별시 마포구 서강로 127-1,,37.5539745,126.9347767,서강로 127-1 버스정류장(14-204),일반쓰레기,서울특별시 마포구청,02-3153-9222,2024-11-28
서강로 111-1 파리바게트 앞,서울특별시,마포구,서울특별시 마포구 서강로 111-1,,37.55319412,126.9332804,서강로 111-1 파리바게트 앞,일반쓰레기,서울특별시 마포구청,02-3153-9222,2024-11-28
서강로 97 삼성 프라자,서울특별시,마포구,서울특별시 마포구 서강로 97,,37.55193462,126.9323486,서강로 97 삼성 프라자,일반쓰레기,서울특별시 마포구청,02-3153-9222,2024-11-28
창전 현대홈타운 버스정류장(14-203),서울특별시,마포구,,서울특별시 마포구 창전동 12-34,37.55119809,126.9326134,창전 현대홈타운 버스정류장(14-203),일반쓰레기,서울특별시 마포구청,02-3153-9222,2024-11-28
서강로 55 GS 앞 버스정류장(14-201),서울특별시,마포구,서울특별시 마포구 서강로 55,,37.54828681,126.9313562,서강로 55 GS 앞 버스정류장(14-201),일반쓰레기,서울특별시 마포구청,02-3153-9222,2024-11-28
광흥창역 1번 출구,서울특별시,마포구,서울특별시 마포구 서강로 51,,37.54774272,126.9311651,광흥창역 1번 출구,일반쓰레기,서울특별시 마포구청,02-3153-9222,2024-11-28
백범로 91 대흥역 1번 출구 건널목 앞,서울특별시,마포구,서울특별시 마포구 백범로 91,,37.5482162,126.9418041,백범로 91 대흥역 1번 출구 건널목 앞,일반쓰레기,서울특별시 마포구청,02-3153-9222,2024-11-28
신촌역 6번 출구 공원 안쪽,서울특별시,마포구,,서울특별시 마포구 노고산동 31-123,37.55495552,126.9368606,신촌역 6번 출구 공원 안쪽,일반쓰레기,서울특별시 마포구청,02-3153-9222,2024-11-28
백범로 88 대흥역 4번 출구 경총회관 앞,서울특별시,마포구,서울특별시 마포구 백범로 88,,37.547947,126.9411092,백범로 88 대흥역 4번 출구 경총회관 앞,일반쓰레기,서울특별시 마포구청,02-3153-9222,2024-11-28
신촌로 210 아현어린이집 앞,서울특별시,마포구,서울특별시 마포구 신촌로 210,,37.55671611,126.9489834,신촌로 210 아현어린이집 앞,일반쓰레기,서울특별시 마포구청,02-3153-9222,2024-11-28
신촌로 234 새마을금고 앞,서울특별시,마포구,서울특별시 마포구 신촌로 234,,37.5569132,126.9516623,신촌로 234 새마을금고 앞,일반쓰레기,서울특별시 마포구청,02-3153-9222,2024-11-28
아현역 3번 출구 앞,서울특별시,마포구,서울특별시 마포구 마포대로 247,,37.55640071,126.9565,아현역 3번 출구 앞,일반쓰레기,서울특별시 마포구청,02-3153-9222,2024-11-28
아현역 3번 출구 버스정류장 앞(굴레방다리),서울특별시,마포구,서울특별시 마포구 마포대로 247,,37.55640071,126.9565,아현역 3번 출구 버스정류장 앞(굴레방다리),일반쓰레기,서울특별시 마포구청,02-3153-9222,2024-11-28
대흥로 122 치매센터 앞,서울특별시,마포구,서울특별시 마포구 대흥로 122,,37.55040682,126.9442295,대흥로 122 치매센터 앞,일반쓰레기,서울특별시 마포구청,02-3153-9222,2024-11-28
이대역 5번 출구 뚜레쥬르 앞,서울특별시,마포구,서울특별시 마포구 대흥로 194,,37.5562402,126.9461213,이대역 5번 출구 뚜레쥬르 앞,일반쓰레기,서울특별시 마포구청,02-3153-9222,2024-11-28
고산2길 61 노고산체육공원,서울특별시,마포구,서울특별시 마포구 고산2길61,,37.5539687,126.9408047,고산2길 61 노고산체육공원,일반쓰레기,서울특별시 마포구청,02-3153-9222,2024-11-28
양화로 홍대입구 4번 출구 AK백화점 앞,서울특별시,마포구,서울특별시 마포구 양화로 188,,37.55774581,126.9264983,양화로 홍대입구 4번 출구 AK백화점 앞,일반쓰레기,서울특별시 마포구청,02-3153-9222,2024-11-28
홍대입구역 중앙차로 버스정류장(14-016),서울특별시,마포구,,서울특별시 마포구 동 교동 155-55,37.55637208,126.9231257,홍대입구역 중앙차로 버스정류장(14-016),일반쓰레기,서울특별시 마포구청,02-3153-9222,2024-11-28
신촌로 66 하나로마트 앞,서울특별시,마포구,서울특별시 마포구 신촌로 66,,37.5560665,126.9331166,신촌로 66 하나로마트 앞,일반쓰레기,서울특별시 마포구청,02-3153-9222,2024-11-28
신촌로 82 유앤아이 치과 앞 버스정류장(14-228),서울특별시,마포구,서울특별시 마포구 신촌로 82,,37.55569089,126.9348093,신촌로 82 유앤아이 치과 앞 버스정류장(14-228),일반쓰레기,서울특별시 마포구청,02-3153-9222,2024-11-28
신촌로 94 신촌역 7번 출구 앞,서울특별시,마포구,서울특별시 마포구 신촌로 94,,37.55499447,126.9359813,신촌로 94 신촌역 7번 출구 앞,일반쓰레기,서울특별시 마포구청,02-3153-9222,2024-11-28
어울마당로109 유가네 닭갈비 앞,서울특별시,마포구,서울특별시 마포구 어울마당로 109,,37.55476927,126.9226889,어울마당로109 유가네 닭갈비 앞,일반쓰레기,서울특별시 마포구청,02-3153-9222,2024-11-28
어울마당로 113 양꼬치 앞,서울특별시,마포구,서울특별시 마포구 어울마당로 113,,37.55497476,126.9229139,어울마당로 113 양꼬치 앞,일반쓰레기,서울특별시 마포구청,02-3153-9222,2024-11-28
어울마당로 122 도담돌솥밥,서울특별시,마포구,서울특별시 마포구 어울마당로 122,,37.55533209,126.9238688,어울마당로 122 도담돌솥밥,일반쓰레기,서울특별시 마포구청,02-3153-9222,2024-11-28
어울마당로 123-1 미쓰족발 홍대본점 앞,서울특별시,마포구,서울특별시 마포구 어울마당로 123-1,,37.55577,126.9237957,어울마당로 123-1 미쓰족발 홍대본점 앞,일반쓰레기,서울특별시 마포구청,02-3153-9222,2024-11-28
어울마당로 131 보승회관 앞,서울특별시,마포구,서울특별시 마포구 어울마당로 131,,37.55615333,126.9244009,어울마당로 131 보승회관 앞,일반쓰레기,서울특별시 마포구청,02-3153-9222,2024-11-28
어울마당로 135 대동빌딩 앞,서울특별시,마포구,서울특별시 마포구 어울마당로 135,,37.55635202,126.9247489,어울마당로 135 대동빌딩 앞,일반쓰레기,서울특별시 마포구청,02-3153-9222,2024-11-28
어울마당로 138 (마포관광정보센터),서울특별시,마포구,서울특별시 마포구 어울마당로 138,,37.55605019,126.925441,어울마당로 138 (마포관광정보센터),일반쓰레기,서울특별시 마포구청,02-3153-9222,2024-11-28
와우산로29길 72 광장 내 청운부동산 앞,서울특별시,마포구,서울특별시 마포구 와우산로 29길72,,37.55633001,126.9265177,와우산로29길 72 광장 내 청운부동산 앞,일반쓰레기,서울특별시 마포구청,02-3153-9222,2024-11-28
와우산로35길 69(서교동348-82) 공원 중앙,서울특별시,마포구,서울특별시 마포구 와우산로 35길69,,37.55643469,126.9269757,와우산로35길 69(서교동348-82) 공원 중앙,일반쓰레기,서울특별시 마포구청,02-3153-9222,2024-11-28
연희로 43 연남동 버스정류장(14-226),서울특별시,마포구,서울특별시 마포구 연희로 43,,37.56261343,126.9275083,연희로 43 연남동 버스정류장(14-226),일반쓰레기,서울특별시 마포구청,02-3153-9222,2024-11-28
연희로 1-1 다모아가구 앞,서울특별시,마포구,서울특별시 마포구 연희로 1-1,,37.55901257,126.926145,연희로 1-1 다모아가구 앞,일반쓰레기,서울특별시 마포구청,02-3153-9222,2024-11-28
양화로 183 홍익인간오피스텔,서울특별시,마포구,서울특별시 마포구 양화로 183,,37.55836755,126.9251298,양화로 183 홍익인간오피스텔,일반쓰레기,서울특별시 마포구청,02-3153-9222,2024-11-28
양화로 171 삼성디지털프라자 앞,서울특별시,마포구,서울특별시 마포구 양화로 171,,37.55753207,126.9240527,양화로 171 삼성디지털프라자 앞,일반쓰레기,서울특별시 마포구청,02-3153-9222,2024-11-28
양화로 133 서교타워 앞,서울특별시,마포구,서울특별시 마포구 양화로 133,,37.55523107,126.9209827,양화로 133 서교타워 앞,일반쓰레기,서울특별시 마포구청,02-3153-9222,2024-11-28
양화로 119 메디람 한방병원 앞,서울특별시,마포구,서울특별시 마포구 양화로 119,,37.55436061,126.9197696,양화로 119 메디람 한방병원 앞,일반쓰레기,서울특별시 마포구청,02-3153-9222,2024-11-28
양화로 100-2 중앙차로 버스정류장(14-014),서울특별시,마포구,서울특별시 마포구 양화로 100-2,,37.5528524,126.9186684,양화로 100-2 중앙차로 버스정류장(14-014),일반쓰레기,서울특별시 마포구청,02-3153-9222,2024-11-28
양화로 107 스타벅스 앞,서울특별시,마포구,서울특별시 마포구 양화로 107,,37.55355877,126.918791,양화로 107 스타벅스 앞,일반쓰레기,서울특별시 마포구청,02-3153-9222,2024-11-28
양화로 99 지산한의원 앞,서울특별시,마포구,서울특별시 마포구 양화로 99,,37.5530574,126.918217,양화로 99 지산한의원 앞,일반쓰레기,서울특별시 마포구청,02-3153-9222,2024-11-28
양화로 67 합정역 2번 출구 KT대리점 앞,서울특별시,마포구,서울특별시 마포구 양화로 7길4,,37.55112402,126.9154737,양화로 67 합정역 2번 출구 KT대리점 앞,일반쓰레기,서울특별시 마포구청,02-3153-9222,2024-11-28
합정역 2번 출구 KT대리점 앞,서울특별시,마포구,서울특별시 마포구 양화로 7길4,,37.55112402,126.9154737,합정역 2번 출구 KT대리점 앞,일반쓰레기,서울특별시 마포구청,02-3153-9222,2024-11-28
양화로 57 배전반 옆(합정역 10번 출구),서울특별시,마포구,서울특별시 마포구 양화로 57,,37.5504397,126.9147075,양화로 57 배전반 옆(합정역 10번 출구),일반쓰레기,서울특별시 마포구청,02-3153-9222,2024-11-28
양화로 29 배전반 옆(아람광고),서울특별시,마포구,서울특별시 마포구 양화로 29,,37.54915893,126.9124833,양화로 29 배전반 옆(아람광고),일반쓰레기,서울특별시 마포구청,02-3153-9222,2024-11-28
양화로 32 한강공원 안내판 옆,서울특별시,마포구,서울특별시 마포구 양화로 32,,37.54856117,126.9127056,양화로 32 한강공원 안내판 옆,일반쓰레기,서울특별시 마포구청,02-3153-9222,2024-11-28
독막로 14 합정365약국 앞,서울특별시,마포구,서울특별시 마포구 독막로 14,,37.54847351,126.914924,독막로 14 합정365약국 앞,일반쓰레기,서울특별시 마포구청,02-3153-9222,2024-11-28
독막로 36 동양인테리어 앞,서울특별시,마포구,서울특별시 마포구 독막로 36,,37.5479504,126.9173743,독막로 36 동양인테리어 앞,일반쓰레기,서울특별시 마포구청,02-3153-9222,2024-11-28
독막로 74 한빛부동산 앞,서울특별시,마포구,서울특별시 마포구 독막로 74,,37.5476267,126.9215652,독막로 74 한빛부동산 앞,일반쓰레기,서울특별시 마포구청,02-3153-9222,2024-11-28
독막로 래미안밤섬아파트 서강육교 앞 버스정류장(14-126),서울특별시,마포구,,서울특별시 마포구 상수동 1-3,37.54766289,126.9272266,독막로 래미안밤섬아파트 서강육교 앞 버스정류장(14-126),일반쓰레기,서울특별시 마포구청,02-3153-9222,2024-11-28
독막로 101 BR오피스텔 앞,서울특별시,마포구,서울특별시 마포구 독막로 101,,37.54824385,126.924449,독막로 101 BR오피스텔 앞,일반쓰레기,서울특별시 마포구청,02-3153-9222,2024-11-28
독막로 87 상수역 2번 출구 앞(자전거보관소),서울특별시,마포구,서울특별시 마포구 독막로 87,,37.5479088,126.9233077,독막로 87 상수역 2번 출구 앞(자전거보관소),일반쓰레기,서울특별시 마포구청,02-3153-9222,2024-11-28
독막로37 대양빌딩 청구경희한의원 앞,서울특별시,마포구,서울특별시 마포구 독막로 37,,37.54828159,126.9176946,독막로37 대양빌딩 청구경희한의원 앞,일반쓰레기,서울특별시 마포구청,02-3153-9222,2024-11-28
독막로 5 합정역 6번 출구,서울특별시,마포구,서울특별시 마포구 독막로 5,,37.54903916,126.9143812,독막로 5 합정역 6번 출구,일반쓰레기,서울특별시 마포구청,02-3153-9222,2024-11-28
양화로 50 합정역 5번 출구 앞,서울특별시,마포구,서울특별시 마포구 양화로 50,,37.54952216,126.9145216,양화로 50 합정역 5번 출구 앞,일반쓰레기,서울특별시 마포구청,02-3153-9222,2024-11-28
양화로 68 합정역 3번 출구 앞,서울특별시,마포구,서울특별시 마포구 양화로 68,,37.5507521,126.9160661,양화로 68 합정역 3번 출구 앞,일반쓰레기,서울특별시 마포구청,02-3153-9222,2024-11-28
양화로 100 버거킹 앞,서울특별시,마포구,서울특별시 마포구 양화로 100,,37.55270402,126.918684,양화로 100 버거킹 앞,일반쓰레기,서울특별시 마포구청,02-3153-9222,2024-11-28
"홍대입구역 사거리, 횡당보도 앞",서울특별시,마포구,서울특별시 마포구 양화로 100-2,,37.5528524,126.9186684,"홍대입구역 사거리, 횡당보도 앞",일반쓰레기,서울특별시 마포구청,02-3153-9222,2024-11-28
"홍대입구역 사거리, 버스정류장(14-832) 앞",서울특별시,마포구,서울특별시 마포구 양화로 100-2,,37.5528524,126.9186684,"홍대입구역 사거리, 버스정류장(14-832) 앞",일반쓰레기,서울특별시 마포구청,02-3153-9222,2024-11-28
홍익로 23 나이키홍대점 앞,서울특별시,마포구,서울특별시 마포구 홍익로 23,,37.5542866,126.9222308,홍익로 23 나이키홍대점 앞,일반쓰레기,서울특별시 마포구청,02-3153-9222,2024-11-28
홍익로 19 세븐일레븐 앞,서울특별시,마포구,서울특별시 마포구 홍익로 19,,37.55400592,126.9226117,홍익로 19 세븐일레븐 앞,일반쓰레기,서울특별시 마포구청,02-3153-9222,2024-11-28
홍익로 11 프리스비빌딩 앞,서울특별시,마포구,서울특별시 마포구 홍익로 11,,37.55350394,126.9232617,홍익로 11 프리스비빌딩 앞,일반쓰레기,서울특별시 마포구청,02-3153-9222,2024-11-28
홍익로 5 LG유플러스 앞,서울특별시,마포구,서울특별시 마포구 홍익로 5,,37.55311367,126.9237638,홍익로 5 LG유플러스 앞,일반쓰레기,서울특별시 마포구청,02-3153-9222,2024-11-28
와우산로 71 프라이빗홍대점 앞,서울특별시,마포구,서울특별시 마포구 와우산로 71,,37.55088076,126.9228064,와우산로 71 프라이빗홍대점 앞,일반쓰레기,서울특별시 마포구청,02-3153-9222,2024-11-28
잔다리로 16 엠플레이그라운드 앞,서울특별시,마포구,서울특별시 마포구 잔다리로 16,,37.55092535,126.921471,잔다리로 16 엠플레이그라운드 앞,일반쓰레기,서울특별시 마포구청,02-3153-9222,2024-11-28
어울마당로 65 KT 앞,서울특별시,마포구,서울특별시 마포구 어울마당로 65,,37.5509577,126.9210338,어울마당로 65 KT 앞,일반쓰레기,서울특별시 마포구청,02-3153-9222,2024-11-28
잔다리로 40 버스정류장(14-984),서울특별시,마포구,서울특별시 마포구 잔다리로 40,,37.55190194,126.9193376,잔다리로 40 버스정류장(14-984),일반쓰레기,서울특별시 마포구청,02-3153-9222,2024-11-28
잔다리로 17 티켓라운지 앞,서울특별시,마포구,서울특별시 마포구 잔다리로 17,,37.55062691,126.9210221,잔다리로 17 티켓라운지 앞,일반쓰레기,서울특별시 마포구청,02-3153-9222,2024-11-28
잔다리로 13 버스정류장(14-884),서울특별시,마포구,서울특별시 마포구 잔다리로 13,,37.5505606,126.9216139,잔다리로 13 버스정류장(14-884),일반쓰레기,서울특별시 마포구청,02-3153-9222,2024-11-28
와우산로 55 아크스테이션 앞 버스정류장(14-231),서울특별시,마포구,서울특별시 마포구 와우산로 55,,37.54937991,126.9228419,와우산로 55 아크스테이션 앞 버스정류장(14-231),일반쓰레기,서울특별시 마포구청,02-3153-9222,2024-11-28
와우산로 56 우리은행 홍익대지점 앞 버스정류장(14-230),서울특별시,마포구,서울특별시 마포구 와우산로 56,,37.5494634,126.9233972,와우산로 56 우리은행 홍익대지점 앞 버스정류장(14-230),일반쓰레기,서울특별시 마포구청,02-3153-9222,2024-11-28
와우산로 157 산울림소극장 앞 버스정류장(14-235),서울특별시,마포구,서울특별시 마포구 와우산로 157,,37.55506698,126.9301095,와우산로 157 산울림소극장 앞 버스정류장(14-235),일반쓰레기,서울특별시 마포구청,02-3153-9222,2024-11-28
와우산로 121 삼진제약 앞 버스정류장(14-283),서울특별시,마포구,서울특별시 마포구 와우산로 121,,37.55355203,126.9267195,와우산로 121 삼진제약 앞 버스정류장(14-283),일반쓰레기,서울특별시 마포구청,02-3153-9222,2024-11-28
홍익로 6 CU편의점 앞,서울특별시,마포구,서울특별시 마포구 홍익로 6,,37.55329783,126.9240684,홍익로 6 CU편의점 앞,일반쓰레기,서울특별시 마포구청,02-3153-9222,2024-11-28
와우산로 97 하나은행 앞 버스정류장(14-233),서울특별시,마포구,서울특별시 마포구 와우산로 97,,37.55309395,126.9243487,와우산로 97 하나은행 앞 버스정류장(14-233),일반쓰레기,서울특별시 마포구청,02-3153-9222,2024-11-28
홍익로 10 서교푸르지오아파트 앞,서울특별시,마포구,서울특별시 마포구 홍익로 10,,37.55379323,126.9236947,홍익로 10 서교푸르지오아파트 앞,일반쓰레기,서울특별시 마포구청,02-3153-9222,2024-11-28
홍익로 18 국민은행 앞,서울특별시,마포구,서울특별시 마포구 홍익로 18,,37.55424119,126.9230158,홍익로 18 국민은행 앞,일반쓰레기,서울특별시 마포구청,02-3153-9222,2024-11-28
홍익로 20 걷고관광초소 앞,서울특별시,마포구,서울특별시 마포구 홍익로 20,,37.55438436,126.9228342,홍익로 20 걷고관광초소 앞,일반쓰레기,서울특별시 마포구청,02-3153-9222,2024-11-28
어울마당로 107 AA플레이스 앞,서울특별시,마포구,서울특별시 마포구 어울마당로 107,,37.55464459,126.9224833,어울마당로 107 AA플레이스 앞,일반쓰레기,서울특별시 마포구청,02-3153-9222,2024-11-28
양화로 140 홍대사거리 (문화게시판 13-1옆),서울특별시,마포구,서울특별시 마포구 양화로 140,,37.55512519,126.9220447,양화로 140 홍대사거리 (문화게시판 13-1옆),일반쓰레기,서울특별시 마포구청,02-3153-9222,2024-11-28
양화로 140 (양화로 복합시설 신축공사현장 앞),서울특별시,마포구,서울특별시 마포구 양화로 140,,37.55512519,126.9220447,양화로 140 (양화로 복합시설 신축공사현장 앞),일반쓰레기,서울특별시 마포구청,02-3153-9222,2024-11-28
홍대입구역 중앙차로 버스정류장(14-015),서울특별시,마포구,,서울특별시 마포구 동 교동 155-55,37.55637208,126.9231257,홍대입구역 중앙차로 버스정류장(14-015),일반쓰레기,서울특별시 마포구청,02-3153-9222,2024-11-28
홍대입구역 8번 출구 앞,서울특별시,마포구,서울특별시 마포구 양화로 18길3,,37.55703127,126.9245703,홍대입구역 8번 출구 앞,일반쓰레기,서울특별시 마포구청,02-3153-9222,2024-11-28
중동초등학교 버스정류장(14-157),서울특별시,마포구,,서울특별시 마포구 성산동 200-433,37.56661394,126.9103485,중동초등학교 버스정류장(14-157),일반쓰레기,서울특별시 마포구청,02-3153-9222,2024-11-28
월드컵경기장 서측 버스정류장(14-105),서울특별시,마포구,,서울특별시 마포구 성산동 664,37.5704873715,126.8961489,월드컵경기장 서측 버스정류장(14-105),일반쓰레기,서울특별시 마포구청,02-3153-9222,2024-11-28
월드컵3단지 후문 버스정류장(14-115),서울특별시,마포구,,서울특별시 마포구 성산동 665,37.56827661,126.8927642,월드컵3단지 후문 버스정류장(14-115),일반쓰레기,서울특별시 마포구청,02-3153-9222,2024-11-28
하늘공원주차장 버스정류장(14-332),서울특별시,마포구,,서울특별시 마포구 성산동 665-1,37.56918619,126.8912417,하늘공원주차장 버스정류장(14-332),일반쓰레기,서울특별시 마포구청,02-3153-9222,2024-11-28
"상암월드컵파크 6,7단지 버스정류장(14-612)",서울특별시,마포구,서울특별시 마포구 월드컵로 42길22,,37.5795486,126.8831094,"상암월드컵파크 6,7단지 버스정류장(14-612)",일반쓰레기,서울특별시 마포구청,02-3153-9222,2024-11-28
월드컵파크3단지 버스정류장(14-108),서울특별시,마포구,,서울특별시 마포구 상암동 1731-9,37.57310152,126.8876032,월드컵파크3단지 버스정류장(14-108),일반쓰레기,서울특별시 마포구청,02-3153-9222,2024-11-28
서부면허시험장 버스정류장(14-109),서울특별시,마포구,,서울특별시 마포구 상암동 1542-4,37.57852263,126.8795509,서부면허시험장 버스정류장(14-109),일반쓰레기,서울특별시 마포구청,02-3153-9222,2024-11-28
월드컵북로 69 바다약국 앞,서울특별시,마포구,서울특별시 마포구 월드컵북로 69,,37.55993081,126.9163426,월드컵북로 69 바다약국 앞,일반쓰레기,서울특별시 마포구청,02-3153-9222,2024-11-28
서부면허시험장 버스정류장(14-110),서울특별시,마포구,,서울특별시 마포구 상암동 478-13,37.57736261,126.8808259,서부면허시험장 버스정류장(14-110),일반쓰레기,서울특별시 마포구청,02-3153-9222,2024-11-28
서부면허시험장 버스정류장(14-493),서울특별시,마포구,서울특별시 마포구 월드컵로 42길 9-1,,37.57818563,126.8817095,서부면허시험장 버스정류장(14-493),일반쓰레기,서울특별시 마포구청,02-3153-9222,2024-11-28
월드컵파크9단지 버스정류장(14-335),서울특별시,마포구,,서울특별시 마포구 상암동 1758,37.5845939,126.8798665,월드컵파크9단지 버스정류장(14-335),일반쓰레기,서울특별시 마포구청,02-3153-9222,2024-11-28
상암동 하늘초등학교 버스정류장(14-337),서울특별시,마포구,,서울특별시 마포구 상암동 1757,37.5863017,126.8815182,상암동 하늘초등학교 버스정류장(14-337),일반쓰레기,서울특별시 마포구청,02-3153-9222,2024-11-28
월드컵북로396 누리꿈스퀘어 주차장 옆,서울특별시,마포구,서울특별시 마포구 월드컵북로 396,,37.57940681,126.8903226,월드컵북로396 누리꿈스퀘어 주차장 옆,일반쓰레기,서울특별시 마포구청,02-3153-9222,2024-11-28
월드컵북로396 KFC 상암DMC점 앞,서울특별시,마포구,서울특별시 마포구 월드컵북로 396,,37.57940681,126.8903226,월드컵북로396 KFC 상암DMC점 앞,일반쓰레기,서울특별시 마포구청,02-3153-9222,2024-11-28
월드컵북로 15 시디즈 홍대점 앞,서울특별시,마포구,서울특별시 마포구 월드컵북로 15,,37.55620886,126.9199478,월드컵북로 15 시디즈 홍대점 앞,일반쓰레기,서울특별시 마포구청,02-3153-9222,2024-11-28
누리꿈스퀘어(MBC) 버스정류장(14-307),서울특별시,마포구,,서울특별시 마포구 상암동 1715-6,37.57923225,126.8894082,누리꿈스퀘어(MBC) 버스정류장(14-307),일반쓰레기,서울특별시 마포구청,02-3153-9222,2024-11-28
월드컵북로 6길 3 수협 앞,서울특별시,마포구,서울특별시 마포구 월드컵북로 6길3,,37.55788989,126.9189196,월드컵북로 6길 3 수협 앞,일반쓰레기,서울특별시 마포구청,02-3153-9222,2024-11-28
월드컵북로54길 12 국악방송 앞,서울특별시,마포구,서울특별시 마포구 월드컵북로 54길12,,37.58085428,126.8893321,월드컵북로54길 12 국악방송 앞,일반쓰레기,서울특별시 마포구청,02-3153-9222,2024-11-28
월드컵북로 78 cu편의점 앞,서울특별시,마포구,서울특별시 마포구 월드컵북로 78,,37.56083654,126.916147,월드컵북로 78 cu편의점 앞,일반쓰레기,서울특별시 마포구청,02-3153-9222,2024-11-28
버스정류장(14-186),서울특별시,마포구,서울특별시 마포구 월드컵북로 120,,37.56397506,126.9133439,버스정류장(14-186),일반쓰레기,서울특별시 마포구청,02-3153-9222,2024-11-28
월드컵북로 136 하나은행 옆,서울특별시,마포구,서울특별시 마포구 월드컵북로 136,,37.56502512,126.9124737,월드컵북로 136 하나은행 옆,일반쓰레기,서울특별시 마포구청,02-3153-9222,2024-11-28
성산2교 버스정류장(14-198),서울특별시,마포구,,서울특별시 마포구 성산동 24-12,37.56590741,126.9146741,성산2교 버스정류장(14-198),일반쓰레기,서울특별시 마포구청,02-3153-9222,2024-11-28
월드컵북로56길 9 옆 가온문화공원,서울특별시,마포구,서울특별시 마포구 월드컵북로 56길9,,37.58137074,126.8874734,월드컵북로56길 9 옆 가온문화공원,일반쓰레기,서울특별시 마포구청,02-3153-9222,2024-11-28
월드컵파크7단지 버스정류장(14-271),서울특별시,마포구,서울특별시 마포구 가양대로 124,,37.5807915,126.8784681,월드컵파크7단지 버스정류장(14-271),일반쓰레기,서울특별시 마포구청,02-3153-9222,2024-11-28
상암고등학교 버스정류장(14-291),서울특별시,마포구,,서울특별시 마포구 상암동 1715-25,37.58210183,126.8834433,상암고등학교 버스정류장(14-291),일반쓰레기,서울특별시 마포구청,02-3153-9222,2024-11-28
상암산로1길 52 월드컵파크5단지 508동 앞,서울특별시,마포구,서울특별시 마포구 상암산로 1길52,,37.58080737,126.8853953,상암산로1길 52 월드컵파크5단지 508동 앞,일반쓰레기,서울특별시 마포구청,02-3153-9222,2024-11-28
월드컵파크5단지 버스정류장(14-289),서울특별시,마포구,서울특별시 마포구 상암산로 1길52,,37.58080737,126.8853953,월드컵파크5단지 버스정류장(14-289),일반쓰레기,서울특별시 마포구청,02-3153-9222,2024-11-28
월드컵로202 마포구청역 1번 출구 앞,서울특별시,마포구,서울특별시 마포구 월드컵로 202,,37.56528704,126.9024641,월드컵로202 마포구청역 1번 출구 앞,일반쓰레기,서울특별시 마포구청,02-3153-9222,2024-11-28
월드컵로204 마포구 청사 맞은편 횡단보도,서울특별시,마포구,서울특별시 마포구 월드컵로 204,,37.56538092,126.902143,월드컵로204 마포구 청사 맞은편 횡단보도,일반쓰레기,서울특별시 마포구청,02-3153-9222,2024-11-28
상암산로1길 26 상암중학교 앞,서울특별시,마포구,서울특별시 마포구 상암산로 1길26,,37.57905692,126.8875508,상암산로1길 26 상암중학교 앞,일반쓰레기,서울특별시 마포구청,02-3153-9222,2024-11-28
구청 광장 대로변,서울특별시,마포구,서울특별시 마포구 월드컵로 212,,37.56631284,126.9016157,구청 광장 대로변,일반쓰레기,서울특별시 마포구청,02-3153-9222,2024-11-28
마포구청역 5번 출구,서울특별시,마포구,서울특별시 마포구 월드컵로 성산동 592 지하190,,7.5677584,126.8981147,마포구청역 5번 출구,일반쓰레기,서울특별시 마포구청,02-3153-9222,2024-11-28
성암로184 DMC역 7번 출구 버스정류장(14-358),서울특별시,마포구,,서울특별시 마포구 상암동 1138,37.5766248,126.898986,성암로184 DMC역 7번 출구 버스정류장(14-358),일반쓰레기,서울특별시 마포구청,02-3153-9222,2024-11-28
월드컵로 53 다사랑 치킨피자 앞,서울특별시,마포구,서울특별시 마포구 월드컵로 53,,37.55400792,126.9115063,월드컵로 53 다사랑 치킨피자 앞,일반쓰레기,서울특별시 마포구청,02-3153-9222,2024-11-28
DMC첨단산업센터 버스정류장(14-355),서울특별시,마포구,,서울특별시 마포구 상암동 1695,37.5814607,126.8917094,DMC첨단산업센터 버스정류장(14-355),일반쓰레기,서울특별시 마포구청,02-3153-9222,2024-11-28
월드컵로 39 하동우렁추어탕 앞,서울특별시,마포구,서울특별시 마포구 월드컵로 39,,37.55278757,126.9119097,월드컵로 39 하동우렁추어탕 앞,일반쓰레기,서울특별시 마포구청,02-3153-9222,2024-11-28
월드컵로 29 링컨 더파크모터스 앞,서울특별시,마포구,서울특별시 마포구 월드컵로 29,,37.55201267,126.9121329,월드컵로 29 링컨 더파크모터스 앞,일반쓰레기,서울특별시 마포구청,02-3153-9222,2024-11-28
월드컵로 30 세븐일레븐 앞,서울특별시,마포구,서울특별시 마포구 월드컵로 30,,37.55210603,126.9126397,월드컵로 30 세븐일레븐 앞,일반쓰레기,서울특별시 마포구청,02-3153-9222,2024-11-28
디지털미디어시티역 공항철로 9번 출구 앞,서울특별시,마포구,서울특별시 마포구 성암로 201,,37.5775871,126.8969384,디지털미디어시티역 공항철로 9번 출구 앞,일반쓰레기,서울특별시 마포구청,02-3153-9222,2024-11-28
월드컵로 54 횡단보도 옆,서울특별시,마포구,서울특별시 마포구 월드컵로 54,,37.5541384,126.9120201,월드컵로 54 횡단보도 옆,일반쓰레기,서울특별시 마포구청,02-3153-9222,2024-11-28
마포중앙도서관 버스정류장(14-197),서울특별시,마포구,,서울특별시 마포구 성산동 196-2,37.56412724,126.9063814,마포중앙도서관 버스정류장(14-197),일반쓰레기,서울특별시 마포구청,02-3153-9222,2024-11-28
월드컵파크5단지 상암고등학교 버스정류장(14-288),서울특별시,마포구,,서울특별시 마포구 상암동 1715,37.5799712,126.887685,월드컵파크5단지 상암고등학교 버스정류장(14-288),일반쓰레기,서울특별시 마포구청,02-3153-9222,2024-11-28
마포구청역 버스정류장(14-194),서울특별시,마포구,,서울특별시 마포구 성산동 196-2,37.56412724,126.9063814,마포구청역 버스정류장(14-194),일반쓰레기,서울특별시 마포구청,02-3153-9222,2024-11-28
상암 DMC 버스정류장(14-290),서울특별시,마포구,서울특별시 마포구 월드컵북로 62길11,,37.5836829,126.8844154,상암 DMC 버스정류장(14-290),일반쓰레기,서울특별시 마포구청,02-3153-9222,2024-11-28
마포구청역 버스정류장(14-195),서울특별시,마포구,,서울특별시 마포구 성산동 313-1,37.5625924,126.9026276,마포구청역 버스정류장(14-195),일반쓰레기,서울특별시 마포구청,02-3153-9222,2024-11-28
DMC첨단산업센터 버스정류장(14-111),서울특별시,마포구,,서울특별시 마포구 상암동 1694-1,37.58541095,126.8853249,DMC첨단산업센터 버스정류장(14-111),일반쓰레기,서울특별시 마포구청,02-3153-9222,2024-11-28
구청 광장,서울특별시,마포구,서울특별시 마포구 월드컵로 212,,37.56631284,126.9016157,구청 광장,일반쓰레기,서울특별시 마포구청,02-3153-9222,2024-11-28
구청 광장 재활용,서울특별시,마포구,서울특별시 마포구 월드컵로 212,,37.56631284,126.9016157,구청 광장 재활용,일반쓰레기,서울특별시 마포구청,02-3153-9222,2024-11-28
마포구의회 앞 마을버스정류장(14-563),서울특별시,마포구,서울특별시 마포구 월드컵로 212,,37.56631284,126.9016157,마포구의회 앞 마을버스정류장(14-563),일반쓰레기,서울특별시 마포구청,02-3153-9222,2024-11-28
월드컵북로381 월드컵파크4단지 401동 앞,서울특별시,마포구,서울특별시 마포구 월드컵북로 381,,37.57795288,126.8898876,월드컵북로381 월드컵파크4단지 401동 앞,일반쓰레기,서울특별시 마포구청,02-3153-9222,2024-11-28
월드컵북로 381 버스정류장(14-306),서울특별시,마포구,서울특별시 마포구 월드컵북로 381,,37.57795288,126.8898876,월드컵북로 381 버스정류장(14-306),일반쓰레기,서울특별시 마포구청,02-3153-9222,2024-11-28
성중길 월드컵경기장역 마을버스정류장(14-573),서울특별시,마포구,서울특별시 마포구 월드컵북로 235,,37.56970041,126.9014174,성중길 월드컵경기장역 마을버스정류장(14-573),일반쓰레기,서울특별시 마포구청,02-3153-9222,2024-11-28
상암이안 2단지 버스정류장(14-287),서울특별시,마포구,,서울특별시 마포구 상암동 1715,37.5799342,126.8876657,상암이안 2단지 버스정류장(14-287),일반쓰레기,서울특별시 마포구청,02-3153-9222,2024-11-28
월드컵북로 137 CS타워 앞,서울특별시,마포구,서울특별시 마포구 월드컵북로 137,,37.56482585,126.9116621,월드컵북로 137 CS타워 앞,일반쓰레기,서울특별시 마포구청,02-3153-9222,2024-11-28
마포농수산물시장 3거리 홈플러스 입구,서울특별시,마포구,서울특별시 마포구 월드컵로 220,,37.5673618,126.9006703,마포농수산물시장 3거리 홈플러스 입구,일반쓰레기,서울특별시 마포구청,02-3153-9222,2024-11-28
월드컵경기장 남측 버스정류장(14-104),서울특별시,마포구,,서울특별시 마포구 성산동 665,37.56827661,126.8927642,월드컵경기장 남측 버스정류장(14-104),일반쓰레기,서울특별시 마포구청,02-3153-9222,2024-11-28
월드컵파크2단지 버스정류장(14-117),서울특별시,마포구,서울특별시 마포구 월드컵북로 47길46,,37.57488209,126.8907326,월드컵파크2단지 버스정류장(14-117),일반쓰레기,서울특별시 마포구청,02-3153-9222,2024-11-28
평화의공원 주차장입구 횡단보도 맞은편,서울특별시,마포구,,서울특별시 마포구 상암동 487-137,37.5612435,126.8877307,평화의공원 주차장입구 횡단보도 맞은편,일반쓰레기,서울특별시 마포구청,02-3153-9222,2024-11-28
상암초등학교 버스정류장(14-166),서울특별시,마포구,,서울특별시 마포구 상암동 37-36,37.57641429,126.8933116,상암초등학교 버스정류장(14-166),일반쓰레기,서울특별시 마포구청,02-3153-9222,2024-11-28
월드컵경기장 사거리,서울특별시,마포구,,서울특별시 마포구 성산동 665,37.56827661,126.8927642,월드컵경기장 사거리,일반쓰레기,서울특별시 마포구청,02-3153-9222,2024-11-28
성암로 37 버스정류장(14-351),서울특별시,마포구,서울특별시 마포구 성암로 37,,37.56913949,126.9122594,성암로 37 버스정류장(14-351),일반쓰레기,서울특별시 마포구청,02-3153-9222,2024-11-28
홍대 레드로드,서울특별시,마포구,서울특별시 마포구 잔다리로 16,,37.5509235,126.921465,뷰티플레이,재활용쓰레기,서울특별시 마포구청,02-3153-9222,2024-11-28
서부도로사업소 버스정류장(14-112),서울특별시,마포구,,서울특별시 마포구 상암동 1756-4,37.58449364,126.8834751,서부도로사업소 버스정류장(14-112),일반쓰레기,서울특별시 마포구청,02-3153-9222,2024-11-28
마포구청역 3번 출구 앞,서울특별시,마포구,,서울특별시 마포구 성산동 280-7,37.56302533,126.9046697,마포구청역 3번 출구 앞,일반쓰레기,서울특별시 마포구청,02-3153-9222,2024-11-28
마포중앙도서관 버스정류장(14-196),서울특별시,마포구,,서울특별시 마포구 성산동 191-33,37.563845,126.9066719,마포중앙도서관 버스정류장(14-196),일반쓰레기,서울특별시 마포구청,02-3153-9222,2024-11-28
디지털미디어시티역 8번 출구 횡단보도 앞,서울특별시,마포구,,서울특별시 마포구 상암동 1622-1,37.57712976,126.8978247,디지털미디어시티역 8번 출구 횡단보도 앞,일반쓰레기,서울특별시 마포구청,02-3153-9222,2024-11-28
월드컵로74 올리브영 앞,서울특별시,마포구,서울특별시 마포구 월드컵로 74,,37.5557822,126.9107286,월드컵로74 올리브영 앞,일반쓰레기,서울특별시 마포구청,02-3153-9222,2024-11-28
월드컵로 100 으뜸공인중개사 앞,서울특별시,마포구,서울특별시 마포구 월드컵로 100,,37.55762081,126.908947,월드컵로 100 으뜸공인중개사 앞,일반쓰레기,서울특별시 마포구청,02-3153-9222,2024-11-28
월드컵로 108 시골김치삼겹살 앞,서울특별시,마포구,서울특별시 마포구 월드컵로 108,,37.5582604,126.9084152,월드컵로 108 시골김치삼겹살 앞,일반쓰레기,서울특별시 마포구청,02-3153-9222,2024-11-28
버스정류장(14-199),서울특별시,마포구,,서울특별시 마포구 성산동 99-6,37.56569253,126.9123257,버스정류장(14-199),일반쓰레기,서울특별시 마포구청,02-3153-9222,2024-11-28
월드컵로 158 LG베스트샵 앞,서울특별시,마포구,서울특별시 마포구 월드컵로 158,,37.561973,126.9052128,월드컵로 158 LG베스트샵 앞,일반쓰레기,서울특별시 마포구청,02-3153-9222,2024-11-28
버스정류장(14-162),서울특별시,마포구,서울특별시 마포구 월드컵북로 260,,37.57306208,126.9010479,버스정류장(14-162),일반쓰레기,서울특별시 마포구청,02-3153-9222,2024-11-28
버스정류장(14-286),서울특별시,마포구,,서울특별시 마포구 상암동 1707,37.57887956,126.8919606,버스정류장(14-286),일반쓰레기,서울특별시 마포구청,02-3153-9222,2024-11-28
월드컵북로43길 11 세븐일레븐 앞,서울특별시,마포구,서울특별시 마포구 월드컵북로 43길11,,37.57466828,126.8957125,월드컵북로43길 11 세븐일레븐 앞,일반쓰레기,서울특별시 마포구청,02-3153-9222,2024-11-28
마포농수산물시장 버스정류장(14-103),서울특별시,마포구,,서울특별시 마포구 성산동 665,37.56827661,126.8927642,마포농수산물시장 버스정류장(14-103),일반쓰레기,서울특별시 마포구청,02-3153-9222,2024-11-28
마포농수산물시장 입구 횡단보도(성산동665),서울특별시,마포구,,서울특별시 마포구 성산동 665,37.56827661,126.8927642,마포농수산물시장 입구 횡단보도(성산동665),일반쓰레기,서울특별시 마포구청,02-3153-9222,2024-11-28
월드컵로 213 마포장애인복지회관 앞,서울특별시,마포구,서울특별시 마포구 월드컵로 213,,37.5654456,126.9008029,월드컵로 213 마포장애인복지회관 앞,일반쓰레기,서울특별시 마포구청,02-3153-9222,2024-11-28
홍대 레드로드,서울특별시,마포구,서울특별시 마포구 어울마당로 65,,37.5509577,126.9210338,KT&G상상마당,재활용쓰레기,서울특별시 마포구청,02-3153-9222,2024-11-28
월드컵로 205 마포구청역 8번 출구 앞 버스정류장(14-102),서울특별시,마포구,서울특별시 마포구 월드컵로 205,,37.56504756,126.9014996,월드컵로 205 마포구청역 8번 출구 앞 버스정류장(14-102),일반쓰레기,서울특별시 마포구청,02-3153-9222,2024-11-28
롯데하이마트 대각선 건너편 버스정류장(14-274),서울특별시,마포구,,서울특별시 마포구 상암동 1626,37.57424358,126.8983691,롯데하이마트 대각선 건너편 버스정류장(14-274),일반쓰레기,서울특별시 마포구청,02-3153-9222,2024-11-28
월드컵경기장 서측(문화비축기지) 버스정류장(14-106),서울특별시,마포구,,서울특별시 마포구 성산동 661,37.5702693,126.8945243,월드컵경기장 서측(문화비축기지) 버스정류장(14-106),일반쓰레기,서울특별시 마포구청,02-3153-9222,2024-11-28
성산아파트 버스정류장(14-163),서울특별시,마포구,서울특별시 마포구 월드컵북로 233,,37.56973229,126.9031355,성산아파트 버스정류장(14-163),일반쓰레기,서울특별시 마포구청,02-3153-9222,2024-11-28
월드컵북로 221 자전거대여소 옆,서울특별시,마포구,서울특별시 마포구 월드컵북로 221,,37.5692779,126.9043255,월드컵북로 221 자전거대여소 옆,일반쓰레기,서울특별시 마포구청,02-3153-9222,2024-11-28
성산2동주민센터 버스정류장(14-158),서울특별시,마포구,서울특별시 마포구 월드컵북로 183-2,,37.56790457,126.90828,성산2동주민센터 버스정류장(14-158),일반쓰레기,서울특별시 마포구청,02-3153-9222,2024-11-28
공덕역 6번 출구 앞,서울특별시,마포구,,서울특별시 마포구 신공덕동 56-87,37.54297824,126.9527384,공덕역 6번 출구 앞,일반쓰레기,서울특별시 마포구청,02-3153-9222,2024-11-28
"공덕역 4번 출구, 택시승강장",서울특별시,마포구,서울특별시 마포구 마포대로 122,,37.54531204,126.95256,"공덕역 4번 출구, 택시승강장",일반쓰레기,서울특별시 마포구청,02-3153-9222,2024-11-28
마포경찰서 교통센터 앞,서울특별시,마포구,서울특별시 마포구 만리재로 14,,37.5439983,126.952885,마포경찰서 교통센터 앞,일반쓰레기,서울특별시 마포구청,02-3153-9222,2024-11-28
애오개역 3번 출구 앞,서울특별시,마포구,서울특별시 마포구 마포대로 212,,37.5534826,126.9570724,애오개역 3번 출구 앞,일반쓰레기,서울특별시 마포구청,02-3153-9222,2024-11-28
대흥역 3번 출구 앞,서울특별시,마포구,서울특별시 마포구 백범로 98,,37.5475858,126.9422217,대흥역 3번 출구 앞,일반쓰레기,서울특별시 마포구청,02-3153-9222,2024-11-28
홍대 레드로드,서울특별시,마포구,서울특별시 마포구 어울마당로 115,,37.5551125,126.923018,뜻밖에양꼬치,재활용쓰레기,서울특별시 마포구청,02-3153-9222,2024-11-28
홍대입구역 1번 출구 앞 자전거보관소,서울특별시,마포구,서울특별시 마포구 양화로 153,,37.5564259,126.9226319,홍대입구역 1번 출구 앞 자전거보관소,일반쓰레기,서울특별시 마포구청,02-3153-9222,2024-11-28
"홍대입구역 4번 출구, CGV 앞",서울특별시,마포구,서울특별시 마포구 양화로 188,,37.55774581,126.9264983,"홍대입구역 4번 출구, CGV 앞",일반쓰레기,서울특별시 마포구청,02-3153-9222,2024-11-28
홍대입구역 8번 출구 앞,서울특별시,마포구,서울특별시 마포구 양화로 18길3,,37.557036,126.9245496,홍대입구역 8번 출구 앞,일반쓰레기,서울특별시 마포구청,02-3153-9222,2024-11-28
홍대입구역 2번 출구 삼성스토어 앞,서울특별시,마포구,서울특별시 마포구 양화로 171,,37.55756551,126.9240527,홍대입구역 2번 출구 삼성스토어 앞,일반쓰레기,서울특별시 마포구청,02-3153-9222,2024-11-28
"상수역 1번 출구 레드로드 입구, 버스정류장(14-960)",서울특별시,마포구,서울특별시 마포구 독막로 63,,37.5479878,126.920541,"상수역 1번 출구 레드로드 입구, 버스정류장(14-960)",일반쓰레기,서울특별시 마포구청,02-3153-9222,2024-11-28
"합정역 8번 출구, 횡당보도 앞",서울특별시,마포구,서울특별시 마포구 양화로 33-1,,37.54916598,126.9127609,"합정역 8번 출구, 횡당보도 앞",일반쓰레기,서울특별시 마포구청,02-3153-9222,2024-11-28
"망원역 1번 출구, 택시승강장",서울특별시,마포구,서울특별시 마포구 월드컵로 78,,37.5560151,126.9104654,"망원역 1번 출구, 택시승강장",일반쓰레기,서울특별시 마포구청,02-3153-9222,2024-11-28
망원역 하나은행 앞 배전함,서울특별시,마포구,서울특별시 마포구 월드컵로 87,,37.5564743,126.9092406,망원역 하나은행 앞 배전함,일반쓰레기,서울특별시 마포구청,02-3153-9222,2024-11-28
버스정류장(14-253),서울특별시,마포구,서울특별시 마포구 월드컵로 143,,37.56048172,126.9056461,버스정류장(14-253),일반쓰레기,서울특별시 마포구청,02-3153-9222,2024-11-28
버스정류장(14-249),서울특별시,마포구,서울특별시 마포구 월드컵로 61,,37.55468332,126.9110639,버스정류장(14-249),일반쓰레기,서울특별시 마포구청,02-3153-9222,2024-11-28
"디지털미디어시티입구 교차로, 버스정류장(14-509)",서울특별시,마포구,,서울특별시 마포구 상암동 1731,37.5736182,126.8873006,"디지털미디어시티입구 교차로, 버스정류장(14-509)",일반쓰레기,서울특별시 마포구청,02-3153-9222,2024-11-28
홍대 레드로드,서울특별시,마포구,서울특별시 마포구 어울마당로 149-1,,37.5567473,126.9265016,조개이야기,재활용쓰레기,서울특별시 마포구청,02-3153-9222,2024-11-28
홍대 레드로드,서울특별시,마포구,서울특별시 마포구 어울마당로 146-1,,37.55625331,126.9262318,홍익숯불갈비소금구이,재활용쓰레기,서울특별시 마포구청,02-3153-9222,2024-11-28
홍대 레드로드,서울특별시,마포구,서울특별시 마포구 어울마당로 140,,37.55609466,126.9256136,육전국밥,재활용쓰레기,서울특별시 마포구청,02-3153-9222,2024-11-28
홍대 레드로드,서울특별시,마포구,서울특별시 마포구 어울마당로 131-1,,37.5562167,126.924507,BBQ,재활용쓰레기,서울특별시 마포구청,02-3153-9222,2024-11-28
홍대 레드로드,서울특별시,마포구,서울특별시 마포구 어울마당로 123-1,,37.55577,126.9237957,미쓰족발,재활용쓰레기,서울특별시 마포구청,02-3153-9222,2024-11-28
홍대 레드로드,서울특별시,마포구,서울특별시 마포구 어울마당로 111,,37.5548483,126.9227503,홍대제면소,재활용쓰레기,서울특별시 마포구청,02-3153-9222,2024-11-28
홍대 레드로드,서울특별시,마포구,서울특별시 마포구 홍익로 22,,37.55521139,126.9234361,마포관광정보센터,재활용쓰레기,서울특별시 마포구청,02-3153-9222,2024-11-28
홍대 레드로드,서울특별시,마포구,서울특별시 마포구 어울마당로 76,,37.551732,126.9216309,육쌈냉면,재활용쓰레기,서울특별시 마포구청,02-3153-9222,2024-11-28
홍대 레드로드,서울특별시,마포구,서울특별시 마포구 어울마당로 69,,37.5512702,126.9211419,짱오락실,재활용쓰레기,서울특별시 마포구청,02-3153-9222,2024-11-28
홍대 레드로드,서울특별시,마포구,서울특별시 마포구 잔디리로 14,,37.5544641,126.9175586,마을버스 정류장,재활용쓰레기,서울특별시 마포구청,02-3153-9222,2024-11-28
홍대 레드로드,서울특별시,마포구,서울특별시 마포구 잔다리로 6,,37.55090875,126.9225252,클럽오션,재활용쓰레기,서울특별시 마포구청,02-3153-9222,2024-11-28
홍대 레드로드,서울특별시,마포구,서울특별시 마포구 잔다리로 13,,37.5505606,126.921613,한신포차,재활용쓰레기,서울특별시 마포구청,02-3153-9222,2024-11-28
홍대 레드로드,서울특별시,마포구,서울특별시 마포구 어울마당로 62,,37.55060078,126.9214219,보물찾기,재활용쓰레기,서울특별시 마포구청,02-3153-9222,2024-11-28
홍대 레드로드,서울특별시,마포구,서울특별시 마포구 어울마당로 58,,37.55010166,126.9212962,세븐일레븐 홍대클럽점,재활용쓰레기,서울특별시 마포구청,02-3153-9222,2024-11-28
홍대 레드로드,서울특별시,마포구,서울특별시 마포구 어울마당로 42,,37.54874482,126.9207541,동대문엽기떡볶이,재활용쓰레기,서울특별시 마포구청,02-3153-9222,2024-11-28
홍대 레드로드,서울특별시,마포구,서울특별시 마포구 어울마당로 26,,37.54748751,126.9199426,세븐일레븐 당인동점,재활용쓰레기,서울특별시 마포구청,02-3153-9222,2024-11-28
마포구청,서울특별시,마포구,서울특별시 마포구 월드컵로 212,,37.56631284,126.9016157,에스컬레이터 옆(구청사 1층),재활용쓰레기,서울특별시 마포구청,02-3153-9222,2024-11-28
마포구청,서울특별시,마포구,서울특별시 마포구 월드컵로 212,,37.56631284,126.9016157,종합상황실 옆(구청사 1층),재활용쓰레기,서울특별시 마포구청,02-3153-9222,2024-11-28
마포구청,서울특별시,마포구,서울특별시 마포구 월드컵로 212,,37.56631284,126.9016157,구청 후문(구청사 1층),재활용쓰레기,서울특별시 마포구청,02-3153-9222,2024-11-28
하늘공원,서울특별시,마포구,서울특별시 마포구 하늘공원로 108,,37.56968508,126.8800727,하늘공원: 시인의 거리,재활용쓰레기,서울특별시 마포구청,02-3153-9222,2024-11-28
